kode_usul,kodeCabang,nama_usul,initial,tipe,jumlah_kemunculan,keyakinan,alasan
,080,,ARC,CABANG,0,RENDAH,"Tidak ada histori TIPE-INITIAL bersih untuk initial ini — TIPE (KC/KCP/ULS) belum diketahui, tunggu kode_cabang.xlsx"
,064,,ARV,CABANG,0,RENDAH,"Tidak ada histori TIPE-INITIAL bersih untuk initial ini — TIPE (KC/KCP/ULS) belum diketahui, tunggu kode_cabang.xlsx"
,059,,BBT,CABANG,0,RENDAH,"Tidak ada histori TIPE-INITIAL bersih untuk initial ini — TIPE (KC/KCP/ULS) belum diketahui, tunggu kode_cabang.xlsx"
,067,,BDA,CABANG,0,RENDAH,"Tidak ada histori TIPE-INITIAL bersih untuk initial ini — TIPE (KC/KCP/ULS) belum diketahui, tunggu kode_cabang.xlsx"
,035,,BDG,CABANG,0,RENDAH,"Tidak ada histori TIPE-INITIAL bersih untuk initial ini — TIPE (KC/KCP/ULS) belum diketahui, tunggu kode_cabang.xlsx"
,066,,BDL,CABANG,0,RENDAH,"Tidak ada histori TIPE-INITIAL bersih untuk initial ini — TIPE (KC/KCP/ULS) belum diketahui, tunggu kode_cabang.xlsx"
ULS-BGR,014,ULS-BGR,BGR,CABANG,1,TINGGI,Satu-satunya TIPE di histori bersih (1x kemunculan)
,073,,BIR,CABANG,0,RENDAH,"Tidak ada histori TIPE-INITIAL bersih untuk initial ini — TIPE (KC/KCP/ULS) belum diketahui, tunggu kode_cabang.xlsx"
,007,,BKS,CABANG,0,RENDAH,"Tidak ada histori TIPE-INITIAL bersih untuk initial ini — TIPE (KC/KCP/ULS) belum diketahui, tunggu kode_cabang.xlsx"
,065,,BTR,CABANG,0,RENDAH,"Tidak ada histori TIPE-INITIAL bersih untuk initial ini — TIPE (KC/KCP/ULS) belum diketahui, tunggu kode_cabang.xlsx"
,051,,BTU,CABANG,0,RENDAH,"Tidak ada histori TIPE-INITIAL bersih untuk initial ini — TIPE (KC/KCP/ULS) belum diketahui, tunggu kode_cabang.xlsx"
KCP-BWI,076,KCP-BWI,BWI,CABANG,1,TINGGI,Satu-satunya TIPE di histori bersih (1x kemunculan)
,077,,CMH,CABANG,0,RENDAH,"Tidak ada histori TIPE-INITIAL bersih untuk initial ini — TIPE (KC/KCP/ULS) belum diketahui, tunggu kode_cabang.xlsx"
,018,,CMS,CABANG,0,RENDAH,"Tidak ada histori TIPE-INITIAL bersih untuk initial ini — TIPE (KC/KCP/ULS) belum diketahui, tunggu kode_cabang.xlsx"
,081,,CRB,CABANG,0,RENDAH,"Tidak ada histori TIPE-INITIAL bersih untuk initial ini — TIPE (KC/KCP/ULS) belum diketahui, tunggu kode_cabang.xlsx"
,049,,DAG,CABANG,0,RENDAH,"Tidak ada histori TIPE-INITIAL bersih untuk initial ini — TIPE (KC/KCP/ULS) belum diketahui, tunggu kode_cabang.xlsx"
ULS-DAR,011,ULS-DAR,DAR,CABANG,1,TINGGI,Satu-satunya TIPE di histori bersih (1x kemunculan)
,010,,DEP,CABANG,0,RENDAH,"Tidak ada histori TIPE-INITIAL bersih untuk initial ini — TIPE (KC/KCP/ULS) belum diketahui, tunggu kode_cabang.xlsx"
KC-DHA,005,KC-DHA,DHA,CABANG,1,TINGGI,Satu-satunya TIPE di histori bersih (1x kemunculan)
,032,,GDG,CABANG,0,RENDAH,"Tidak ada histori TIPE-INITIAL bersih untuk initial ini — TIPE (KC/KCP/ULS) belum diketahui, tunggu kode_cabang.xlsx"
,024,,GDP,CABANG,0,RENDAH,"Tidak ada histori TIPE-INITIAL bersih untuk initial ini — TIPE (KC/KCP/ULS) belum diketahui, tunggu kode_cabang.xlsx"
,033,,GSI,CABANG,0,RENDAH,"Tidak ada histori TIPE-INITIAL bersih untuk initial ini — TIPE (KC/KCP/ULS) belum diketahui, tunggu kode_cabang.xlsx"
ULS-JDB,031,ULS-JDB,JDB,CABANG,1,TINGGI,Satu-satunya TIPE di histori bersih (1x kemunculan)
,001,,JTG,CABANG,0,RENDAH,"Tidak ada histori TIPE-INITIAL bersih untuk initial ini — TIPE (KC/KCP/ULS) belum diketahui, tunggu kode_cabang.xlsx"
,054,,KBP,CABANG,0,RENDAH,"Tidak ada histori TIPE-INITIAL bersih untuk initial ini — TIPE (KC/KCP/ULS) belum diketahui, tunggu kode_cabang.xlsx"
,068,,KDR,CABANG,0,RENDAH,"Tidak ada histori TIPE-INITIAL bersih untuk initial ini — TIPE (KC/KCP/ULS) belum diketahui, tunggu kode_cabang.xlsx"
ULS-KDS,056,ULS-KDS,KDS,CABANG,1,TINGGI,Satu-satunya TIPE di histori bersih (1x kemunculan)
ULS-KKP,020,ULS-KKP,KKP,CABANG,1,TINGGI,Satu-satunya TIPE di histori bersih (1x kemunculan)
,008,,KLG,CABANG,0,RENDAH,"Tidak ada histori TIPE-INITIAL bersih untuk initial ini — TIPE (KC/KCP/ULS) belum diketahui, tunggu kode_cabang.xlsx"
,025,,KMM,CABANG,0,RENDAH,"Tidak ada histori TIPE-INITIAL bersih untuk initial ini — TIPE (KC/KCP/ULS) belum diketahui, tunggu kode_cabang.xlsx"
,006,,KNR,CABANG,0,RENDAH,"Tidak ada histori TIPE-INITIAL bersih untuk initial ini — TIPE (KC/KCP/ULS) belum diketahui, tunggu kode_cabang.xlsx"
,063,,KPJ,CABANG,0,RENDAH,"Tidak ada histori TIPE-INITIAL bersih untuk initial ini — TIPE (KC/KCP/ULS) belum diketahui, tunggu kode_cabang.xlsx"
,072,,LSW,CABANG,0,RENDAH,"Tidak ada histori TIPE-INITIAL bersih untuk initial ini — TIPE (KC/KCP/ULS) belum diketahui, tunggu kode_cabang.xlsx"
,027,,MAB,CABANG,0,RENDAH,"Tidak ada histori TIPE-INITIAL bersih untuk initial ini — TIPE (KC/KCP/ULS) belum diketahui, tunggu kode_cabang.xlsx"
,044,,MCI,CABANG,0,RENDAH,"Tidak ada histori TIPE-INITIAL bersih untuk initial ini — TIPE (KC/KCP/ULS) belum diketahui, tunggu kode_cabang.xlsx"
ULS-MCL,028,ULS-MCL,MCL,CABANG,1,TINGGI,Satu-satunya TIPE di histori bersih (1x kemunculan)
,042,,MCP,CABANG,0,RENDAH,"Tidak ada histori TIPE-INITIAL bersih untuk initial ini — TIPE (KC/KCP/ULS) belum diketahui, tunggu kode_cabang.xlsx"
,040,,MCS,CABANG,0,RENDAH,"Tidak ada histori TIPE-INITIAL bersih untuk initial ini — TIPE (KC/KCP/ULS) belum diketahui, tunggu kode_cabang.xlsx"
,050,,MDN,CABANG,0,RENDAH,"Tidak ada histori TIPE-INITIAL bersih untuk initial ini — TIPE (KC/KCP/ULS) belum diketahui, tunggu kode_cabang.xlsx"
,043,,MDP,CABANG,0,RENDAH,"Tidak ada histori TIPE-INITIAL bersih untuk initial ini — TIPE (KC/KCP/ULS) belum diketahui, tunggu kode_cabang.xlsx"
,002,,MGD,CABANG,0,RENDAH,"Tidak ada histori TIPE-INITIAL bersih untuk initial ini — TIPE (KC/KCP/ULS) belum diketahui, tunggu kode_cabang.xlsx"
,062,,MJK,CABANG,0,RENDAH,"Tidak ada histori TIPE-INITIAL bersih untuk initial ini — TIPE (KC/KCP/ULS) belum diketahui, tunggu kode_cabang.xlsx"
,034,,MJP,CABANG,0,RENDAH,"Tidak ada histori TIPE-INITIAL bersih untuk initial ini — TIPE (KC/KCP/ULS) belum diketahui, tunggu kode_cabang.xlsx"
,026,,MKJ,CABANG,0,RENDAH,"Tidak ada histori TIPE-INITIAL bersih untuk initial ini — TIPE (KC/KCP/ULS) belum diketahui, tunggu kode_cabang.xlsx"
,053,,MLG,CABANG,0,RENDAH,"Tidak ada histori TIPE-INITIAL bersih untuk initial ini — TIPE (KC/KCP/ULS) belum diketahui, tunggu kode_cabang.xlsx"
,023,,MLW,CABANG,0,RENDAH,"Tidak ada histori TIPE-INITIAL bersih untuk initial ini — TIPE (KC/KCP/ULS) belum diketahui, tunggu kode_cabang.xlsx"
,038,,MPG,CABANG,0,RENDAH,"Tidak ada histori TIPE-INITIAL bersih untuk initial ini — TIPE (KC/KCP/ULS) belum diketahui, tunggu kode_cabang.xlsx"
,041,,MTG,CABANG,0,RENDAH,"Tidak ada histori TIPE-INITIAL bersih untuk initial ini — TIPE (KC/KCP/ULS) belum diketahui, tunggu kode_cabang.xlsx"
,079,,MTO,CABANG,0,RENDAH,"Tidak ada histori TIPE-INITIAL bersih untuk initial ini — TIPE (KC/KCP/ULS) belum diketahui, tunggu kode_cabang.xlsx"
ULS-PDA,058,ULS-PDA,PDA,CABANG,3,TINGGI,Satu-satunya TIPE di histori bersih (3x kemunculan)
,021,,PDC,CABANG,0,RENDAH,"Tidak ada histori TIPE-INITIAL bersih untuk initial ini — TIPE (KC/KCP/ULS) belum diketahui, tunggu kode_cabang.xlsx"
,082,,PDG,CABANG,0,RENDAH,"Tidak ada histori TIPE-INITIAL bersih untuk initial ini — TIPE (KC/KCP/ULS) belum diketahui, tunggu kode_cabang.xlsx"
,012,,PDI,CABANG,0,RENDAH,"Tidak ada histori TIPE-INITIAL bersih untuk initial ini — TIPE (KC/KCP/ULS) belum diketahui, tunggu kode_cabang.xlsx"
,029,,PER,CABANG,0,RENDAH,"Tidak ada histori TIPE-INITIAL bersih untuk initial ini — TIPE (KC/KCP/ULS) belum diketahui, tunggu kode_cabang.xlsx"
,052,,PLG,CABANG,0,RENDAH,"Tidak ada histori TIPE-INITIAL bersih untuk initial ini — TIPE (KC/KCP/ULS) belum diketahui, tunggu kode_cabang.xlsx"
,047,,PLK,CABANG,0,RENDAH,"Tidak ada histori TIPE-INITIAL bersih untuk initial ini — TIPE (KC/KCP/ULS) belum diketahui, tunggu kode_cabang.xlsx"
,057,,PMS,CABANG,0,RENDAH,"Tidak ada histori TIPE-INITIAL bersih untuk initial ini — TIPE (KC/KCP/ULS) belum diketahui, tunggu kode_cabang.xlsx"
,071,,PNK,CABANG,0,RENDAH,"Tidak ada histori TIPE-INITIAL bersih untuk initial ini — TIPE (KC/KCP/ULS) belum diketahui, tunggu kode_cabang.xlsx"
,036,,PPI,CABANG,0,RENDAH,"Tidak ada histori TIPE-INITIAL bersih untuk initial ini — TIPE (KC/KCP/ULS) belum diketahui, tunggu kode_cabang.xlsx"
,017,,PSM,CABANG,0,RENDAH,"Tidak ada histori TIPE-INITIAL bersih untuk initial ini — TIPE (KC/KCP/ULS) belum diketahui, tunggu kode_cabang.xlsx"
,070,,PSR,CABANG,0,RENDAH,"Tidak ada histori TIPE-INITIAL bersih untuk initial ini — TIPE (KC/KCP/ULS) belum diketahui, tunggu kode_cabang.xlsx"
,069,,SBU,CABANG,0,RENDAH,"Tidak ada histori TIPE-INITIAL bersih untuk initial ini — TIPE (KC/KCP/ULS) belum diketahui, tunggu kode_cabang.xlsx"
ULS-SCI,083,ULS-SCI,SCI,CABANG,3,TINGGI,Satu-satunya TIPE di histori bersih (3x kemunculan)
,016,,SDA,CABANG,0,RENDAH,"Tidak ada histori TIPE-INITIAL bersih untuk initial ini — TIPE (KC/KCP/ULS) belum diketahui, tunggu kode_cabang.xlsx"
,075,,SDP,CABANG,0,RENDAH,"Tidak ada histori TIPE-INITIAL bersih untuk initial ini — TIPE (KC/KCP/ULS) belum diketahui, tunggu kode_cabang.xlsx"
,055,,SDY,CABANG,0,RENDAH,"Tidak ada histori TIPE-INITIAL bersih untuk initial ini — TIPE (KC/KCP/ULS) belum diketahui, tunggu kode_cabang.xlsx"
KCP-SGK,078,KCP-SGK,SGK,CABANG,11,TINGGI,Satu-satunya TIPE di histori bersih (11x kemunculan)
,060,,SGN,CABANG,0,RENDAH,"Tidak ada histori TIPE-INITIAL bersih untuk initial ini — TIPE (KC/KCP/ULS) belum diketahui, tunggu kode_cabang.xlsx"
,037,,SLO,CABANG,0,RENDAH,"Tidak ada histori TIPE-INITIAL bersih untuk initial ini — TIPE (KC/KCP/ULS) belum diketahui, tunggu kode_cabang.xlsx"
,030,,SMG,CABANG,0,RENDAH,"Tidak ada histori TIPE-INITIAL bersih untuk initial ini — TIPE (KC/KCP/ULS) belum diketahui, tunggu kode_cabang.xlsx"
,003,,SMH,CABANG,0,RENDAH,"Tidak ada histori TIPE-INITIAL bersih untuk initial ini — TIPE (KC/KCP/ULS) belum diketahui, tunggu kode_cabang.xlsx"
,022,,SPG,CABANG,0,RENDAH,"Tidak ada histori TIPE-INITIAL bersih untuk initial ini — TIPE (KC/KCP/ULS) belum diketahui, tunggu kode_cabang.xlsx"
ULS-SRA,061,ULS-SRA,SRA,CABANG,1,TINGGI,Satu-satunya TIPE di histori bersih (1x kemunculan)
,048,,SSR,CABANG,0,RENDAH,"Tidak ada histori TIPE-INITIAL bersih untuk initial ini — TIPE (KC/KCP/ULS) belum diketahui, tunggu kode_cabang.xlsx"
,004,,STR,CABANG,0,RENDAH,"Tidak ada histori TIPE-INITIAL bersih untuk initial ini — TIPE (KC/KCP/ULS) belum diketahui, tunggu kode_cabang.xlsx"
,013,,TGR,CABANG,0,RENDAH,"Tidak ada histori TIPE-INITIAL bersih untuk initial ini — TIPE (KC/KCP/ULS) belum diketahui, tunggu kode_cabang.xlsx"
,009,,TNA,CABANG,0,RENDAH,"Tidak ada histori TIPE-INITIAL bersih untuk initial ini — TIPE (KC/KCP/ULS) belum diketahui, tunggu kode_cabang.xlsx"
,074,,TPI,CABANG,0,RENDAH,"Tidak ada histori TIPE-INITIAL bersih untuk initial ini — TIPE (KC/KCP/ULS) belum diketahui, tunggu kode_cabang.xlsx"
ULS-TPK,019,ULS-TPK,TPK,CABANG,3,TINGGI,Satu-satunya TIPE di histori bersih (3x kemunculan)
,015,,VET,CABANG,0,RENDAH,"Tidak ada histori TIPE-INITIAL bersih untuk initial ini — TIPE (KC/KCP/ULS) belum diketahui, tunggu kode_cabang.xlsx"
,046,,YOG,CABANG,0,RENDAH,"Tidak ada histori TIPE-INITIAL bersih untuk initial ini — TIPE (KC/KCP/ULS) belum diketahui, tunggu kode_cabang.xlsx"
KP-ADP,999,KP-ADP,ADP,KANTOR_PUSAT,1,TINGGI,"Ditemukan di histori (1x kemunculan); nama unit kerja lengkap belum ada, pakai kode sementara"
KP-ARP,999,KP-ARP,ARP,KANTOR_PUSAT,1,TINGGI,"Ditemukan di histori (1x kemunculan); nama unit kerja lengkap belum ada, pakai kode sementara"
KP-BRK,999,KP-BRK,BRK,KANTOR_PUSAT,1,TINGGI,"Ditemukan di histori (1x kemunculan); nama unit kerja lengkap belum ada, pakai kode sementara"
KP-DJP,999,KP-DJP,DJP,KANTOR_PUSAT,2,TINGGI,"Ditemukan di histori (2x kemunculan); nama unit kerja lengkap belum ada, pakai kode sementara"
KP-DOTI,999,KP-DOTI,DOTI,KANTOR_PUSAT,2,TINGGI,"Ditemukan di histori (2x kemunculan); nama unit kerja lengkap belum ada, pakai kode sementara"
KP-DTI,999,KP-DTI,DTI,KANTOR_PUSAT,2,TINGGI,"Ditemukan di histori (2x kemunculan); nama unit kerja lengkap belum ada, pakai kode sementara"
KP-HSD,999,KP-HSD,HSD,KANTOR_PUSAT,1,TINGGI,"Ditemukan di histori (1x kemunculan); nama unit kerja lengkap belum ada, pakai kode sementara"
KP-LOG,999,KP-LOG,LOG,KANTOR_PUSAT,79,TINGGI,"Ditemukan di histori (79x kemunculan); nama unit kerja lengkap belum ada, pakai kode sementara"
KP-MRK,999,KP-MRK,MRK,KANTOR_PUSAT,2,TINGGI,"Ditemukan di histori (2x kemunculan); nama unit kerja lengkap belum ada, pakai kode sementara"
KP-PPA,999,KP-PPA,PPA,KANTOR_PUSAT,4,TINGGI,"Ditemukan di histori (4x kemunculan); nama unit kerja lengkap belum ada, pakai kode sementara"
KP-SPK,999,KP-SPK,SPK,KANTOR_PUSAT,1,TINGGI,"Ditemukan di histori (1x kemunculan); nama unit kerja lengkap belum ada, pakai kode sementara"
W1L5-DMR,999,W1L5-DMR,DMR,WISMA,2,TINGGI,"Ditemukan di histori (2x kemunculan); label deskriptif belum ada, pakai kode sementara"
W2L7-LOG,999,W2L7-LOG,LOG,WISMA,7,TINGGI,"Ditemukan di histori (7x kemunculan); label deskriptif belum ada, pakai kode sementara"
